/* 
 * To change this license header, choose License Headers in Project Properties.
 * To change this template file, choose Tools | Templates
 * and open the template in the editor.
 */
/**
 * Author:  boniboy
 * Created: Mar 5, 2017
 */

INSERT INTO `cf_user` VALUES (200047,'Eric','Ajesimi ','ajesimieric@yahoo.com',1,'ajesimi.eric','$2y$10$uX4ndR0wxnLoHiHIl36u6u0h3fm7wD/.K4VNZMlUyUkEZIk4VirJG','','',0,1488527207,0,'','','','','0788319022','','','','','Huye Building Permit Section OSC','','','',0,'',0,0,0,0,'','','','','','','','','','250bbd997bdde83cf821f60b9ca80215','$2y$10$lJ65F3IO6Ht7B02jr2YCy.v.AEN2jZq4IPE/S/E8ga3oXhE0Es54W'),(200048,' Joselyne','IRAMUKUNDA','joselynei@yahoo.fr',1,'IRAMUKUNDA. Joselyne','$2y$10$KB.ayen25Qwq2UEqAkqJgejxwQqqyyt79xrXJjStYn0DFDgVJTq8.','','',0,1488532464,0,'','','','','0788675561','','','','','Huye Building Permit Section OSC','','','',0,'',0,0,0,0,'','','','','','','','','','',''),(200049,'Jean Pierre',' MUSAFIRI ','musafiripi@gmail.com',1,' MUSAFIRI.Jean','$2y$10$zbuhT1kvyn8KCmvrEaF1MeEUJVvg7FnBzDQz70KCqAUG8K7GBTWVC','','',0,1488527941,0,'','','','','0788440182','','','','','Huye Building Permit Section OSC','','','',0,'',0,0,0,0,'','','','','','','','','','',''),(200050,' Gerasme','NDAYISHIMIYE','Ndageras1@gmail.com',1,'NDAYISHIMIYE.Gerasme','$2y$10$SfLFN44bEAB0O.zct34aReu3NKM2KbCyYo1N2IA9YxmY84TUO8KpS','','',0,1488527151,0,'','','','','0785150432','','','','','Huye Building Permit Section OSC','','','',0,'',0,0,0,0,'','','','','','','','','','',''),(200056,'Nshuti','Jocy','iramukunda7@gmail.com',1,'Jocy','$2y$10$i9pz6FSgn14XoTTy1eOQXeW/F4pm8JwA0tbwXNFdJC1RGOrALS/xi','','',0,1488529460,0,'','','','','','','0727040978','','','Huye Building Permit Section OSC','','','',0,'',0,0,0,0,'','','','','','','','','','',''),(200061,'Pastor','Peter','joy@yahoo.fr',1,'Peter','$2y$10$3S.uoQj0GQK8foxUBJtdDOjwrTvvNifPRO81C.w1aBZOzXes7gvM.','','',0,1488531996,0,'','','','','','','','','','Huye District Onestop Center Coordinator','','','',0,'',0,0,0,0,'','','','','','','','','','','');
INSERT INTO `cf_user` VALUES (200051,'Napoleon','NTAWUHARUWE ','napoleon.ntawuharuwe@rusizi.gov.rw',1,'napoleon.ntawuharuwe','$2y$10$YGFpA7QRsLazDWe6mHnbc..TYbnkeP64VvZDgoE6tXBXd5t3PkH3u','','',0,1488527756,0,'','','','','0788791150','','','','','Rusizi Building Permit Section OSC','','','',0,'',0,0,0,0,'','','','','','','','','','8e14bb10c83059da30b1982bc194d54e','$2y$10$uZjdaKMgkJbiPrHaOju6EeNI08XX4hIQJkVwhOB.S7h02TdEOUok6'),(200052,'Laurien','IRAGUHA ','laurien.iraguha@rusizi.gov.rw',1,'laurien.iraguha','$2y$10$CTiKXqZrFKnJSDbSDRTQZ.2ghBVC/0toIdQCYYaW9IT2SyFevlLHS','','',0,1488420640,0,'','','','','0783731880','','','','','Rusizi Building Permit Section OSC','','','',0,'',0,0,0,0,'','','','','','','','','','65ca042898070845cac3e31c977ec853','$2y$10$dHqDf45Z/C/ZRKaTkf62D.4N.jWccC09iP.I13A6FmEs3KFKr4RmC'),(200053,'Jean Damascene','NZABANDORA ','ict@rusizi.gov.rw',1,'ict_rusizi','$2y$10$J9VAWPPKSJDS2YafmB6VSOESqFHd7D4gVqOTk1OCPyPpcFtGXzKDG','','',0,1488532486,0,'','','','','0788551314','','','','','Rusizi Building Permit Section OSC','','','',0,'',0,0,0,0,'','','','','','','','','','',''),(200057,' FRATERNE','UWABABAYEYI','fraterne.uwababayeyi@rusizi.gov.rw',1,'fraterne.uwababayey','$2y$10$mo1e4wOY3cv6eL/2NdU0ueJbpI0r04/m019E3rVvJl/dGiRQn.zxC','','',0,1488528179,0,'','','','','','','0725512312','','','Rusizi Building Permit Section OSC','','','',0,'',0,0,0,0,'','','','','','','','','','',''),(200060,'DONATIEN','GATETE ','donatien.gatete@rusizi.gov.rw',1,'donatien.gatete','$2y$10$QG/bNkTGZqhJMhuaLt4c6O92MrOYKvbyr4/urGnoQ8.Tbdl7p6CX.','','',0,1488532390,0,'','','','','','','','','','Rusizi Building Permit Section OSC','','','',0,'',0,0,0,0,'','','','','','','','','','','');
INSERT INTO `agency_user` VALUES (200047,7),(200048,7),(200049,7),(200050,7),(200051,6),(200052,6),(200053,6),(200056,7),(200057,6),(200060,6),(200061,7);
INSERT INTO `mf_guard_user_group` VALUES (200047,200029),(200047,200033),(200048,200029),(200048,200033),(200048,200034),(200049,200029),(200049,200032),(200049,200033),(200050,200029),(200050,200033),(200051,200021),(200051,200023),(200051,200024),(200052,200023),(200052,200024),(200053,200023),(200053,200024),(200053,200035),(200056,200029),(200057,200029),(200060,200021),(200061,200032);
